id,title,description,availability,condition,price,link,image_link,brand,google_product_category,product_type
asun,Asun,Mini $25 · Each $40 · Small Tray $75 · Medium Tray $150 · Large Tray $400,in stock,new,25.00 CAD,https://ordernow.flosgrill.ca,https://raw.githubusercontent.com/lanreflo-pixel/flosgrill-ad-assets/main/menu/asun.jpg,Flo's Grill,"Food, Beverages & Tobacco > Food Items > Prepared Foods",The Grill
beef-suya,Beef Suya,Pack $30 · Small Tray $60 · Medium Tray $120 · Large Tray $250,in stock,new,30.00 CAD,https://ordernow.flosgrill.ca,https://raw.githubusercontent.com/lanreflo-pixel/flosgrill-ad-assets/main/menu/beef-suya.jpg,Flo's Grill,"Food, Beverages & Tobacco > Food Items > Prepared Foods",The Grill
chicken-suya,Chicken Suya,The Grill · $25,in stock,new,25.00 CAD,https://ordernow.flosgrill.ca,https://raw.githubusercontent.com/lanreflo-pixel/flosgrill-ad-assets/main/menu/chicken-suya.jpg,Flo's Grill,"Food, Beverages & Tobacco > Food Items > Prepared Foods",The Grill
grilled-chicken-drumsticks,Grilled Chicken Drumsticks,Grilled Chicken Drumsticks - Grilled Chicken Drumsticks - 3pc $10 · Grilled Chicken Drumsticks - Grilled Chicken Drumsticks - 6pc $17.5 · Grilled Chicken Drumsticks - Grilled Chicken Drumsticks - 12pc $30 · Regular $49.99 · Regular $150,in stock,new,10.00 CAD,https://ordernow.flosgrill.ca,https://raw.githubusercontent.com/lanreflo-pixel/flosgrill-ad-assets/main/menu/grilled-chicken-drumsticks.jpg,Flo's Grill,"Food, Beverages & Tobacco > Food Items > Prepared Foods",The Grill
grilled-fish,Grilled Fish,Tilapia $20 · Catfish $30 · Croaker $30,in stock,new,20.00 CAD,https://ordernow.flosgrill.ca,https://raw.githubusercontent.com/lanreflo-pixel/flosgrill-ad-assets/main/menu/grilled-fish.jpg,Flo's Grill,"Food, Beverages & Tobacco > Food Items > Prepared Foods",The Grill
grilled-turkey-wings,Grilled Turkey Wings,Single $10 · 3 pc $25 · 6 pc $40 · 12 pc $75,in stock,new,10.00 CAD,https://ordernow.flosgrill.ca,https://raw.githubusercontent.com/lanreflo-pixel/flosgrill-ad-assets/main/menu/grilled-turkey-wings.jpg,Flo's Grill,"Food, Beverages & Tobacco > Food Items > Prepared Foods",The Grill
small-chops-spring-rolls-samosa-puffpuff-chicken,"Small Chops (Spring rolls, Samosa, puffpuff & chicken)",Regular $15 · Half Tray $80 · Full Tray $150,in stock,new,15.00 CAD,https://ordernow.flosgrill.ca,https://raw.githubusercontent.com/lanreflo-pixel/flosgrill-ad-assets/main/menu/small-chops-spring-rolls-samosa-puffpuff-chicken.jpg,Flo's Grill,"Food, Beverages & Tobacco > Food Items > Prepared Foods",The Grill
assorted-meat-stew,Assorted Meat Stew,Regular $35 · Each $120,in stock,new,35.00 CAD,https://ordernow.flosgrill.ca,https://raw.githubusercontent.com/lanreflo-pixel/flosgrill-ad-assets/main/menu/assorted-meat-stew.jpg,Flo's Grill,"Food, Beverages & Tobacco > Food Items > Prepared Foods",Soups & Stews
ayamase-green-sauce,Ayamase (Green Sauce),Each $35 · Regular $125,in stock,new,35.00 CAD,https://ordernow.flosgrill.ca,https://raw.githubusercontent.com/lanreflo-pixel/flosgrill-ad-assets/main/menu/ayamase-green-sauce.jpg,Flo's Grill,"Food, Beverages & Tobacco > Food Items > Prepared Foods",Soups & Stews
beef-stew-hal-tray,Beef Stew — Half Tray,Soups & Stews · $140,in stock,new,140.00 CAD,https://ordernow.flosgrill.ca,https://raw.githubusercontent.com/lanreflo-pixel/flosgrill-ad-assets/main/menu/beef-stew-hal-tray.jpg,Flo's Grill,"Food, Beverages & Tobacco > Food Items > Prepared Foods",Soups & Stews
efo-riro-bowl,Efo Riro,Each $35 · Regular $130,in stock,new,35.00 CAD,https://ordernow.flosgrill.ca,https://raw.githubusercontent.com/lanreflo-pixel/flosgrill-ad-assets/main/menu/efo-riro-bowl.jpg,Flo's Grill,"Food, Beverages & Tobacco > Food Items > Prepared Foods",Soups & Stews
egusi-soup-bowl,Egusi Soup,Each $35 · Regular $145,in stock,new,35.00 CAD,https://ordernow.flosgrill.ca,https://raw.githubusercontent.com/lanreflo-pixel/flosgrill-ad-assets/main/menu/egusi-soup-bowl.jpg,Flo's Grill,"Food, Beverages & Tobacco > Food Items > Prepared Foods",Soups & Stews
ofada-red-designer-sauce,Ofada Red (Designer Sauce),Pack $35 · Regular $125,in stock,new,35.00 CAD,https://ordernow.flosgrill.ca,https://raw.githubusercontent.com/lanreflo-pixel/flosgrill-ad-assets/main/menu/ofada-red-designer-sauce.jpg,Flo's Grill,"Food, Beverages & Tobacco > Food Items > Prepared Foods",Soups & Stews
okra-seafood,Okra - Seafood,Soups & Stews · $40,in stock,new,40.00 CAD,https://ordernow.flosgrill.ca,https://raw.githubusercontent.com/lanreflo-pixel/flosgrill-ad-assets/main/menu/okra-seafood.jpg,Flo's Grill,"Food, Beverages & Tobacco > Food Items > Prepared Foods",Soups & Stews
assorted-meat,Assorted Meat,Each $10 · Regular $110,in stock,new,10.00 CAD,https://ordernow.flosgrill.ca,https://raw.githubusercontent.com/lanreflo-pixel/flosgrill-ad-assets/main/menu/assorted-meat.jpg,Flo's Grill,"Food, Beverages & Tobacco > Food Items > Prepared Foods",Sides
dodo-fried-plantain,Dodo (Fried Plantain),Each $10 · Regular $50 · Regular $100 · Regular $120,in stock,new,10.00 CAD,https://ordernow.flosgrill.ca,https://raw.githubusercontent.com/lanreflo-pixel/flosgrill-ad-assets/main/menu/dodo-fried-plantain.jpg,Flo's Grill,"Food, Beverages & Tobacco > Food Items > Prepared Foods",Sides
dun-dun-fried-yam,Dun Dun (Fried Yam),Each $15 · Regular $50,in stock,new,15.00 CAD,https://ordernow.flosgrill.ca,https://raw.githubusercontent.com/lanreflo-pixel/flosgrill-ad-assets/main/menu/dun-dun-fried-yam.jpg,Flo's Grill,"Food, Beverages & Tobacco > Food Items > Prepared Foods",Sides
eba-wrap,Eba - Wrap,Sides · $5,in stock,new,5.00 CAD,https://ordernow.flosgrill.ca,https://raw.githubusercontent.com/lanreflo-pixel/flosgrill-ad-assets/main/menu/eba-wrap.jpg,Flo's Grill,"Food, Beverages & Tobacco > Food Items > Prepared Foods",Sides
fried-rice-24oz,Fried Rice,Pack $18 · Regular $70 · Regular $215,in stock,new,18.00 CAD,https://ordernow.flosgrill.ca,https://raw.githubusercontent.com/lanreflo-pixel/flosgrill-ad-assets/main/menu/fried-rice-24oz.jpg,Flo's Grill,"Food, Beverages & Tobacco > Food Items > Prepared Foods",Sides
fufu,Fufu,Each $6 · Each $7.5,in stock,new,6.00 CAD,https://ordernow.flosgrill.ca,https://raw.githubusercontent.com/lanreflo-pixel/flosgrill-ad-assets/main/menu/fufu.jpg,Flo's Grill,"Food, Beverages & Tobacco > Food Items > Prepared Foods",Sides
jollof-rice,Jollof Rice,Pack $15 · Medium Tray $50 · Full Tray $100 · Regular $120 · Large Tray $150,in stock,new,15.00 CAD,https://ordernow.flosgrill.ca,https://raw.githubusercontent.com/lanreflo-pixel/flosgrill-ad-assets/main/menu/jollof-rice.jpg,Flo's Grill,"Food, Beverages & Tobacco > Food Items > Prepared Foods",Sides
mini-moi-moi,Mini Moi Moi,Sides · $2.5,in stock,new,2.50 CAD,https://ordernow.flosgrill.ca,https://raw.githubusercontent.com/lanreflo-pixel/flosgrill-ad-assets/main/menu/mini-moi-moi.jpg,Flo's Grill,"Food, Beverages & Tobacco > Food Items > Prepared Foods",Sides
moi-moi-ekewe,Moi Moi Ekewe,Sides · $7.5,in stock,new,7.50 CAD,https://ordernow.flosgrill.ca,https://raw.githubusercontent.com/lanreflo-pixel/flosgrill-ad-assets/main/menu/moi-moi-ekewe.jpg,Flo's Grill,"Food, Beverages & Tobacco > Food Items > Prepared Foods",Sides
moi-moi-1pc,Moi Moi — 1pc,(unnamed) $5 · Elewe $7.5,in stock,new,5.00 CAD,https://ordernow.flosgrill.ca,https://raw.githubusercontent.com/lanreflo-pixel/flosgrill-ad-assets/main/menu/moi-moi-1pc.jpg,Flo's Grill,"Food, Beverages & Tobacco > Food Items > Prepared Foods",Sides
ofada-rice,Ofada Rice,Sides · $10,in stock,new,10.00 CAD,https://ordernow.flosgrill.ca,https://raw.githubusercontent.com/lanreflo-pixel/flosgrill-ad-assets/main/menu/ofada-rice.jpg,Flo's Grill,"Food, Beverages & Tobacco > Food Items > Prepared Foods",Sides
peppered-beef,Peppered Beef,Sides · $10,in stock,new,10.00 CAD,https://ordernow.flosgrill.ca,https://raw.githubusercontent.com/lanreflo-pixel/flosgrill-ad-assets/main/menu/peppered-beef.jpg,Flo's Grill,"Food, Beverages & Tobacco > Food Items > Prepared Foods",Sides
peppered-chicken,Peppered Chicken,Sides · $10,in stock,new,10.00 CAD,https://ordernow.flosgrill.ca,https://raw.githubusercontent.com/lanreflo-pixel/flosgrill-ad-assets/main/menu/peppered-chicken.jpg,Flo's Grill,"Food, Beverages & Tobacco > Food Items > Prepared Foods",Sides
peppered-fish,Peppered Fish,Each $10 · Regular $135,in stock,new,10.00 CAD,https://ordernow.flosgrill.ca,https://raw.githubusercontent.com/lanreflo-pixel/flosgrill-ad-assets/main/menu/peppered-fish.jpg,Flo's Grill,"Food, Beverages & Tobacco > Food Items > Prepared Foods",Sides
peppered-goat-meat,Peppered Goat Meat,Sides · $20,in stock,new,20.00 CAD,https://ordernow.flosgrill.ca,https://raw.githubusercontent.com/lanreflo-pixel/flosgrill-ad-assets/main/menu/peppered-goat-meat.jpg,Flo's Grill,"Food, Beverages & Tobacco > Food Items > Prepared Foods",Sides
peppered-snail,Peppered Snail,Sides · $30,in stock,new,30.00 CAD,https://ordernow.flosgrill.ca,https://raw.githubusercontent.com/lanreflo-pixel/flosgrill-ad-assets/main/menu/peppered-snail.jpg,Flo's Grill,"Food, Beverages & Tobacco > Food Items > Prepared Foods",Sides
potato-wedges,Potato Wedges,Sides · $4.99,in stock,new,4.99 CAD,https://ordernow.flosgrill.ca,https://raw.githubusercontent.com/lanreflo-pixel/flosgrill-ad-assets/main/menu/potato-wedges.jpg,Flo's Grill,"Food, Beverages & Tobacco > Food Items > Prepared Foods",Sides
poundo-yam-wrap,Poundo yam wrap,Sides · $5,in stock,new,5.00 CAD,https://ordernow.flosgrill.ca,https://raw.githubusercontent.com/lanreflo-pixel/flosgrill-ad-assets/main/menu/poundo-yam-wrap.jpg,Flo's Grill,"Food, Beverages & Tobacco > Food Items > Prepared Foods",Sides
white-rice,White Rice,Sides · $10,in stock,new,10.00 CAD,https://ordernow.flosgrill.ca,https://raw.githubusercontent.com/lanreflo-pixel/flosgrill-ad-assets/main/menu/white-rice.jpg,Flo's Grill,"Food, Beverages & Tobacco > Food Items > Prepared Foods",Sides
beegold-kuli-chips,Beegold Kuli Chips,Snacks · $10,in stock,new,10.00 CAD,https://ordernow.flosgrill.ca,https://raw.githubusercontent.com/lanreflo-pixel/flosgrill-ad-assets/main/menu/beegold-kuli-chips.jpg,Flo's Grill,"Food, Beverages & Tobacco > Food Items > Prepared Foods",Snacks
butter-chin-chin,Butter Chin Chin,Snacks · $5,in stock,new,5.00 CAD,https://ordernow.flosgrill.ca,https://raw.githubusercontent.com/lanreflo-pixel/flosgrill-ad-assets/main/menu/butter-chin-chin.jpg,Flo's Grill,"Food, Beverages & Tobacco > Food Items > Prepared Foods",Snacks
candied-peanuts,Candied Peanuts,Snacks · $5,in stock,new,5.00 CAD,https://ordernow.flosgrill.ca,https://raw.githubusercontent.com/lanreflo-pixel/flosgrill-ad-assets/main/menu/candied-peanuts.jpg,Flo's Grill,"Food, Beverages & Tobacco > Food Items > Prepared Foods",Snacks
chin-chin-diamond-cut,Chin Chin — Diamond cut,Snacks · $5,in stock,new,5.00 CAD,https://ordernow.flosgrill.ca,https://raw.githubusercontent.com/lanreflo-pixel/flosgrill-ad-assets/main/menu/chin-chin-diamond-cut.jpg,Flo's Grill,"Food, Beverages & Tobacco > Food Items > Prepared Foods",Snacks
chin-chin-flakes,Chin Chin — Flakes,Snacks · $5,in stock,new,5.00 CAD,https://ordernow.flosgrill.ca,https://raw.githubusercontent.com/lanreflo-pixel/flosgrill-ad-assets/main/menu/chin-chin-flakes.jpg,Flo's Grill,"Food, Beverages & Tobacco > Food Items > Prepared Foods",Snacks
chin-chin-peppered,Chin Chin — Peppered,Snacks · $5,in stock,new,5.00 CAD,https://ordernow.flosgrill.ca,https://raw.githubusercontent.com/lanreflo-pixel/flosgrill-ad-assets/main/menu/chin-chin-peppered.jpg,Flo's Grill,"Food, Beverages & Tobacco > Food Items > Prepared Foods",Snacks
chin-chin-strips,Chin Chin — Strips,Snacks · $5,in stock,new,5.00 CAD,https://ordernow.flosgrill.ca,https://raw.githubusercontent.com/lanreflo-pixel/flosgrill-ad-assets/main/menu/chin-chin-strips.jpg,Flo's Grill,"Food, Beverages & Tobacco > Food Items > Prepared Foods",Snacks
chukchuk,Chukchuk,Snacks · $5,in stock,new,5.00 CAD,https://ordernow.flosgrill.ca,https://raw.githubusercontent.com/lanreflo-pixel/flosgrill-ad-assets/main/menu/chukchuk.jpg,Flo's Grill,"Food, Beverages & Tobacco > Food Items > Prepared Foods",Snacks
coconut-candy-1,Coconut Candy 1,Snacks · $5,in stock,new,5.00 CAD,https://ordernow.flosgrill.ca,https://raw.githubusercontent.com/lanreflo-pixel/flosgrill-ad-assets/main/menu/coconut-candy-1.jpg,Flo's Grill,"Food, Beverages & Tobacco > Food Items > Prepared Foods",Snacks
coconut-clusters,Coconut Clusters,Snacks · $5,in stock,new,5.00 CAD,https://ordernow.flosgrill.ca,https://raw.githubusercontent.com/lanreflo-pixel/flosgrill-ad-assets/main/menu/coconut-clusters.jpg,Flo's Grill,"Food, Beverages & Tobacco > Food Items > Prepared Foods",Snacks
gurundi,Gurundi,Snacks · $5,in stock,new,5.00 CAD,https://ordernow.flosgrill.ca,https://raw.githubusercontent.com/lanreflo-pixel/flosgrill-ad-assets/main/menu/gurundi.jpg,Flo's Grill,"Food, Beverages & Tobacco > Food Items > Prepared Foods",Snacks
kokoro,Kokoro,Snacks · $5,in stock,new,5.00 CAD,https://ordernow.flosgrill.ca,https://raw.githubusercontent.com/lanreflo-pixel/flosgrill-ad-assets/main/menu/kokoro.jpg,Flo's Grill,"Food, Beverages & Tobacco > Food Items > Prepared Foods",Snacks
mcvities-butter-shortbread,McVitie's Butter Shortbread,Snacks · $7,in stock,new,7.00 CAD,https://ordernow.flosgrill.ca,https://raw.githubusercontent.com/lanreflo-pixel/flosgrill-ad-assets/main/menu/mcvities-butter-shortbread.jpg,Flo's Grill,"Food, Beverages & Tobacco > Food Items > Prepared Foods",Snacks
mcvities-digestive-biscuits-wheat-the-original-141-oz-400g,McVities Digestive Biscuits Wheat The Original - 14.1 Oz (400g),Snacks · $8,in stock,new,8.00 CAD,https://ordernow.flosgrill.ca,https://raw.githubusercontent.com/lanreflo-pixel/flosgrill-ad-assets/main/menu/mcvities-digestive-biscuits-wheat-the-original-141-oz-400g.jpg,Flo's Grill,"Food, Beverages & Tobacco > Food Items > Prepared Foods",Snacks
mr-johns-ripe-spicy-plantain-chips-135g,MR JOHN’S RIPE SPICY PLANTAIN CHIPS (135G),Snacks · $4,in stock,new,4.00 CAD,https://ordernow.flosgrill.ca,https://raw.githubusercontent.com/lanreflo-pixel/flosgrill-ad-assets/main/menu/mr-johns-ripe-spicy-plantain-chips-135g.jpg,Flo's Grill,"Food, Beverages & Tobacco > Food Items > Prepared Foods",Snacks
nkatie-peanut-burger,Nkatie Peanut Burger,Snacks · $2,in stock,new,2.00 CAD,https://ordernow.flosgrill.ca,https://raw.githubusercontent.com/lanreflo-pixel/flosgrill-ad-assets/main/menu/nkatie-peanut-burger.jpg,Flo's Grill,"Food, Beverages & Tobacco > Food Items > Prepared Foods",Snacks
sisi-pelebe,Sisi Pelebe,Snacks · $5,in stock,new,5.00 CAD,https://ordernow.flosgrill.ca,https://raw.githubusercontent.com/lanreflo-pixel/flosgrill-ad-assets/main/menu/sisi-pelebe.jpg,Flo's Grill,"Food, Beverages & Tobacco > Food Items > Prepared Foods",Snacks
bottled-water,Bottled Water,Drinks · $2,in stock,new,2.00 CAD,https://ordernow.flosgrill.ca,https://raw.githubusercontent.com/lanreflo-pixel/flosgrill-ad-assets/main/menu/bottled-water.jpg,Flo's Grill,"Food, Beverages & Tobacco > Food Items > Prepared Foods",Drinks
bullet-vodka-mixed,Bullet Vodka Mixed,Singe $15 · 4 Pack $50,in stock,new,15.00 CAD,https://ordernow.flosgrill.ca,https://raw.githubusercontent.com/lanreflo-pixel/flosgrill-ad-assets/main/menu/bullet-vodka-mixed.jpg,Flo's Grill,"Food, Beverages & Tobacco > Food Items > Prepared Foods",Drinks
bumbu-rum-double,Bumbu Rum — Double,Drinks · $7.5,in stock,new,7.50 CAD,https://ordernow.flosgrill.ca,https://raw.githubusercontent.com/lanreflo-pixel/flosgrill-ad-assets/main/menu/bumbu-rum-double.jpg,Flo's Grill,"Food, Beverages & Tobacco > Food Items > Prepared Foods",Drinks
coca-cola-can,Coca Cola Can,Drinks · $2.5,in stock,new,2.50 CAD,https://ordernow.flosgrill.ca,https://raw.githubusercontent.com/lanreflo-pixel/flosgrill-ad-assets/main/menu/coca-cola-can.jpg,Flo's Grill,"Food, Beverages & Tobacco > Food Items > Prepared Foods",Drinks
fayrouz-can-pineapple-flavour-33cl,Fayrouz Can Pineapple Flavour 33CL,Drinks · $5,in stock,new,5.00 CAD,https://ordernow.flosgrill.ca,https://raw.githubusercontent.com/lanreflo-pixel/flosgrill-ad-assets/main/menu/fayrouz-can-pineapple-flavour-33cl.jpg,Flo's Grill,"Food, Beverages & Tobacco > Food Items > Prepared Foods",Drinks
five-alive,Five Alive,Five Alive - Five Alive Pulpy 30cl $5 · Five Alive - Five Alive Berry Blast 78cl $10 · Five Alive - Five Alive Citrus Burst 78cl $10 · Five Alive - Five Alive Pulpy 85cl $10 · Five Alive - Five Alive Tropical 90cl $10,in stock,new,5.00 CAD,https://ordernow.flosgrill.ca,https://raw.githubusercontent.com/lanreflo-pixel/flosgrill-ad-assets/main/menu/five-alive.jpg,Flo's Grill,"Food, Beverages & Tobacco > Food Items > Prepared Foods",Drinks
henessey-vsop,Henessey VSOP,Drinks · $250,in stock,new,250.00 CAD,https://ordernow.flosgrill.ca,https://raw.githubusercontent.com/lanreflo-pixel/flosgrill-ad-assets/main/menu/henessey-vsop.jpg,Flo's Grill,"Food, Beverages & Tobacco > Food Items > Prepared Foods",Drinks
hollandia,Hollandia,315ml $7.5 · 500ml $12.5 · 1 Litre $20,in stock,new,7.50 CAD,https://ordernow.flosgrill.ca,https://raw.githubusercontent.com/lanreflo-pixel/flosgrill-ad-assets/main/menu/hollandia.jpg,Flo's Grill,"Food, Beverages & Tobacco > Food Items > Prepared Foods",Drinks
hollandia-plain-315ml,Hollandia - Plain - 315ml,Drinks · $10,in stock,new,10.00 CAD,https://ordernow.flosgrill.ca,https://raw.githubusercontent.com/lanreflo-pixel/flosgrill-ad-assets/main/menu/hollandia-plain-315ml.jpg,Flo's Grill,"Food, Beverages & Tobacco > Food Items > Prepared Foods",Drinks
hollandia-strawberry-1l,Hollandia - Strawberry - 1L,Drinks · $20,in stock,new,20.00 CAD,https://ordernow.flosgrill.ca,https://raw.githubusercontent.com/lanreflo-pixel/flosgrill-ad-assets/main/menu/hollandia-strawberry-1l.jpg,Flo's Grill,"Food, Beverages & Tobacco > Food Items > Prepared Foods",Drinks
hollandia-strawberry-315ml,Hollandia - Strawberry - 315ml,Drinks · $10,in stock,new,10.00 CAD,https://ordernow.flosgrill.ca,https://raw.githubusercontent.com/lanreflo-pixel/flosgrill-ad-assets/main/menu/hollandia-strawberry-315ml.jpg,Flo's Grill,"Food, Beverages & Tobacco > Food Items > Prepared Foods",Drinks
jack-daniels,Jack Daniels,Drinks · $100,in stock,new,100.00 CAD,https://ordernow.flosgrill.ca,https://raw.githubusercontent.com/lanreflo-pixel/flosgrill-ad-assets/main/menu/jack-daniels.jpg,Flo's Grill,"Food, Beverages & Tobacco > Food Items > Prepared Foods",Drinks
jekonmo-non-alcoholic-herbal-drink,Jekonmo (Non Alcoholic herbal drink),Drinks · $10,in stock,new,10.00 CAD,https://ordernow.flosgrill.ca,https://raw.githubusercontent.com/lanreflo-pixel/flosgrill-ad-assets/main/menu/jekonmo-non-alcoholic-herbal-drink.jpg,Flo's Grill,"Food, Beverages & Tobacco > Food Items > Prepared Foods",Drinks
kolaq,Kolaq,Drinks · $15,in stock,new,15.00 CAD,https://ordernow.flosgrill.ca,https://raw.githubusercontent.com/lanreflo-pixel/flosgrill-ad-assets/main/menu/kolaq.jpg,Flo's Grill,"Food, Beverages & Tobacco > Food Items > Prepared Foods",Drinks
la-casera,La Casera,Drinks · $5,in stock,new,5.00 CAD,https://ordernow.flosgrill.ca,https://raw.githubusercontent.com/lanreflo-pixel/flosgrill-ad-assets/main/menu/la-casera.jpg,Flo's Grill,"Food, Beverages & Tobacco > Food Items > Prepared Foods",Drinks
lacasera,Lacasera,Drinks · $5,in stock,new,5.00 CAD,https://ordernow.flosgrill.ca,https://raw.githubusercontent.com/lanreflo-pixel/flosgrill-ad-assets/main/menu/lacasera.jpg,Flo's Grill,"Food, Beverages & Tobacco > Food Items > Prepared Foods",Drinks
limca-50cl,Limca - 50cl,Drinks · $5,in stock,new,5.00 CAD,https://ordernow.flosgrill.ca,https://raw.githubusercontent.com/lanreflo-pixel/flosgrill-ad-assets/main/menu/limca-50cl.jpg,Flo's Grill,"Food, Beverages & Tobacco > Food Items > Prepared Foods",Drinks
malta-guinness,Malta Guinness,Drinks · $5,in stock,new,5.00 CAD,https://ordernow.flosgrill.ca,https://raw.githubusercontent.com/lanreflo-pixel/flosgrill-ad-assets/main/menu/malta-guinness.jpg,Flo's Grill,"Food, Beverages & Tobacco > Food Items > Prepared Foods",Drinks
maltina,Maltina,Drinks · $5,in stock,new,5.00 CAD,https://ordernow.flosgrill.ca,https://raw.githubusercontent.com/lanreflo-pixel/flosgrill-ad-assets/main/menu/maltina.jpg,Flo's Grill,"Food, Beverages & Tobacco > Food Items > Prepared Foods",Drinks
martell-vs,Martell VS,Drinks · $170,in stock,new,170.00 CAD,https://ordernow.flosgrill.ca,https://raw.githubusercontent.com/lanreflo-pixel/flosgrill-ad-assets/main/menu/martell-vs.jpg,Flo's Grill,"Food, Beverages & Tobacco > Food Items > Prepared Foods",Drinks
naija-coke-50cl,Naija Coke - 50cl,Drinks · $5,in stock,new,5.00 CAD,https://ordernow.flosgrill.ca,https://raw.githubusercontent.com/lanreflo-pixel/flosgrill-ad-assets/main/menu/naija-coke-50cl.jpg,Flo's Grill,"Food, Beverages & Tobacco > Food Items > Prepared Foods",Drinks
naija-fanta-50cl,Naija Fanta - 50cl,Drinks · $5,in stock,new,5.00 CAD,https://ordernow.flosgrill.ca,https://raw.githubusercontent.com/lanreflo-pixel/flosgrill-ad-assets/main/menu/naija-fanta-50cl.jpg,Flo's Grill,"Food, Beverages & Tobacco > Food Items > Prepared Foods",Drinks
naija-schweppes-bitter-lemon-35cl,Naija Schweppes Bitter Lemon - 35cl,Drinks · $5,in stock,new,5.00 CAD,https://ordernow.flosgrill.ca,https://raw.githubusercontent.com/lanreflo-pixel/flosgrill-ad-assets/main/menu/naija-schweppes-bitter-lemon-35cl.jpg,Flo's Grill,"Food, Beverages & Tobacco > Food Items > Prepared Foods",Drinks
nkulenus-palm-drink,Nkulenu's Palm Drink,Drinks · $6,in stock,new,6.00 CAD,https://ordernow.flosgrill.ca,https://raw.githubusercontent.com/lanreflo-pixel/flosgrill-ad-assets/main/menu/nkulenus-palm-drink.jpg,Flo's Grill,"Food, Beverages & Tobacco > Food Items > Prepared Foods",Drinks
orijinbitters,Orijin Bitters,Drinks · $15,in stock,new,15.00 CAD,https://ordernow.flosgrill.ca,https://raw.githubusercontent.com/lanreflo-pixel/flosgrill-ad-assets/main/menu/orijinbitters.jpg,Flo's Grill,"Food, Beverages & Tobacco > Food Items > Prepared Foods",Drinks
red-bull,Red Bull,Red Bull - Red Bull $5 · Red Bull - Red Bull - Red Edition (Watermelon) $5 · Red Bull - Red Bull - The Blue Edition (Blueberry) $5 · Red Bull - Red Bull - The Green Edition (Dragon Fruit) $5 · Red Bull - Red Bull - The Winter Edition (Pomegranate) $5 · Red Bull - Red Bull - Yellow Edition $5,in stock,new,5.00 CAD,https://ordernow.flosgrill.ca,https://raw.githubusercontent.com/lanreflo-pixel/flosgrill-ad-assets/main/menu/red-bull.jpg,Flo's Grill,"Food, Beverages & Tobacco > Food Items > Prepared Foods",Drinks
schweppes-chapman,Schweppes Chapman,Drinks · $5,in stock,new,5.00 CAD,https://ordernow.flosgrill.ca,https://raw.githubusercontent.com/lanreflo-pixel/flosgrill-ad-assets/main/menu/schweppes-chapman.jpg,Flo's Grill,"Food, Beverages & Tobacco > Food Items > Prepared Foods",Drinks
schweppes-virgin-mojito,Schweppes Virgin Mojito,Drinks · $7.5,in stock,new,7.50 CAD,https://ordernow.flosgrill.ca,https://raw.githubusercontent.com/lanreflo-pixel/flosgrill-ad-assets/main/menu/schweppes-virgin-mojito.jpg,Flo's Grill,"Food, Beverages & Tobacco > Food Items > Prepared Foods",Drinks
scweppes-pineapple,Scweppes Pineapple,Drinks · $7.5,in stock,new,7.50 CAD,https://ordernow.flosgrill.ca,https://raw.githubusercontent.com/lanreflo-pixel/flosgrill-ad-assets/main/menu/scweppes-pineapple.jpg,Flo's Grill,"Food, Beverages & Tobacco > Food Items > Prepared Foods",Drinks
sprite,Sprite,Drinks · $5,in stock,new,5.00 CAD,https://ordernow.flosgrill.ca,https://raw.githubusercontent.com/lanreflo-pixel/flosgrill-ad-assets/main/menu/sprite.jpg,Flo's Grill,"Food, Beverages & Tobacco > Food Items > Prepared Foods",Drinks
vitamilk-banana,Vitamilk Banana,Drinks · $5,in stock,new,5.00 CAD,https://ordernow.flosgrill.ca,https://raw.githubusercontent.com/lanreflo-pixel/flosgrill-ad-assets/main/menu/vitamilk-banana.jpg,Flo's Grill,"Food, Beverages & Tobacco > Food Items > Prepared Foods",Drinks
vitamilk-chocolate,Vitamilk Chocolate,Drinks · $5,in stock,new,5.00 CAD,https://ordernow.flosgrill.ca,https://raw.githubusercontent.com/lanreflo-pixel/flosgrill-ad-assets/main/menu/vitamilk-chocolate.jpg,Flo's Grill,"Food, Beverages & Tobacco > Food Items > Prepared Foods",Drinks
vitamilk-energy,Vitamilk Energy,Drinks · $5,in stock,new,5.00 CAD,https://ordernow.flosgrill.ca,https://raw.githubusercontent.com/lanreflo-pixel/flosgrill-ad-assets/main/menu/vitamilk-energy.jpg,Flo's Grill,"Food, Beverages & Tobacco > Food Items > Prepared Foods",Drinks
vitamilk-plain,Vitamilk Plain,Drinks · $5,in stock,new,5.00 CAD,https://ordernow.flosgrill.ca,https://raw.githubusercontent.com/lanreflo-pixel/flosgrill-ad-assets/main/menu/vitamilk-plain.jpg,Flo's Grill,"Food, Beverages & Tobacco > Food Items > Prepared Foods",Drinks
vitamilk-strawberry,Vitamilk Strawberry,Drinks · $5,in stock,new,5.00 CAD,https://ordernow.flosgrill.ca,https://raw.githubusercontent.com/lanreflo-pixel/flosgrill-ad-assets/main/menu/vitamilk-strawberry.jpg,Flo's Grill,"Food, Beverages & Tobacco > Food Items > Prepared Foods",Drinks
zobo,Zobo,Each $5 · Regular $50,in stock,new,5.00 CAD,https://ordernow.flosgrill.ca,https://raw.githubusercontent.com/lanreflo-pixel/flosgrill-ad-assets/main/menu/zobo.jpg,Flo's Grill,"Food, Beverages & Tobacco > Food Items > Prepared Foods",Drinks
casamigos,Casamigos,Alcoholic Beverages · $190,in stock,new,190.00 CAD,https://ordernow.flosgrill.ca,https://raw.githubusercontent.com/lanreflo-pixel/flosgrill-ad-assets/main/menu/casamigos.jpg,Flo's Grill,"Food, Beverages & Tobacco > Food Items > Prepared Foods",Alcoholic Beverages
corona,Corona,Alcoholic Beverages · $5,in stock,new,5.00 CAD,https://ordernow.flosgrill.ca,https://raw.githubusercontent.com/lanreflo-pixel/flosgrill-ad-assets/main/menu/corona.jpg,Flo's Grill,"Food, Beverages & Tobacco > Food Items > Prepared Foods",Alcoholic Beverages
guiness-big,Guiness - Big,Alcoholic Beverages · $20,in stock,new,20.00 CAD,https://ordernow.flosgrill.ca,https://raw.githubusercontent.com/lanreflo-pixel/flosgrill-ad-assets/main/menu/guiness-big.jpg,Flo's Grill,"Food, Beverages & Tobacco > Food Items > Prepared Foods",Alcoholic Beverages
guiness-small,Guiness - Small,Alcoholic Beverages · $10,in stock,new,10.00 CAD,https://ordernow.flosgrill.ca,https://raw.githubusercontent.com/lanreflo-pixel/flosgrill-ad-assets/main/menu/guiness-small.jpg,Flo's Grill,"Food, Beverages & Tobacco > Food Items > Prepared Foods",Alcoholic Beverages
heineken-individual-12oz-bottle-beer-50-abv,"Heineken, Individual 12oz bottle beer (5.0% ABV)",Alcoholic Beverages · $5,in stock,new,5.00 CAD,https://ordernow.flosgrill.ca,https://raw.githubusercontent.com/lanreflo-pixel/flosgrill-ad-assets/main/menu/heineken-individual-12oz-bottle-beer-50-abv.jpg,Flo's Grill,"Food, Beverages & Tobacco > Food Items > Prepared Foods",Alcoholic Beverages
odogwu-bitters,Odogwu bitters,Alcoholic Beverages · $10,in stock,new,10.00 CAD,https://ordernow.flosgrill.ca,https://raw.githubusercontent.com/lanreflo-pixel/flosgrill-ad-assets/main/menu/odogwu-bitters.jpg,Flo's Grill,"Food, Beverages & Tobacco > Food Items > Prepared Foods",Alcoholic Beverages
omutea-lagos-island-cocktail-500ml-alcoholic,Omutea Lagos island Cocktail — 500ml — Alcoholic,Alcoholic Beverages · $20,in stock,new,20.00 CAD,https://ordernow.flosgrill.ca,https://raw.githubusercontent.com/lanreflo-pixel/flosgrill-ad-assets/main/menu/omutea-lagos-island-cocktail-500ml-alcoholic.jpg,Flo's Grill,"Food, Beverages & Tobacco > Food Items > Prepared Foods",Alcoholic Beverages
omutea-mosco-mule-cocktail-500ml-alcoholic,Omutea Mosco Mule Cocktail — 500ml — Alcoholic,Alcoholic Beverages · $20,in stock,new,20.00 CAD,https://ordernow.flosgrill.ca,https://raw.githubusercontent.com/lanreflo-pixel/flosgrill-ad-assets/main/menu/omutea-mosco-mule-cocktail-500ml-alcoholic.jpg,Flo's Grill,"Food, Beverages & Tobacco > Food Items > Prepared Foods",Alcoholic Beverages
omutea-omg-t-cocktail-500ml-alcoholic,Omutea OMG & T Cocktail — 500ml — Alcoholic,Alcoholic Beverages · $20,in stock,new,20.00 CAD,https://ordernow.flosgrill.ca,https://raw.githubusercontent.com/lanreflo-pixel/flosgrill-ad-assets/main/menu/omutea-omg-t-cocktail-500ml-alcoholic.jpg,Flo's Grill,"Food, Beverages & Tobacco > Food Items > Prepared Foods",Alcoholic Beverages
omutea-slutty-martini-cocktail-500ml-alcoholic,Omutea Slutty Martini Cocktail — 500ml — Alcoholic,Alcoholic Beverages · $20,in stock,new,20.00 CAD,https://ordernow.flosgrill.ca,https://raw.githubusercontent.com/lanreflo-pixel/flosgrill-ad-assets/main/menu/omutea-slutty-martini-cocktail-500ml-alcoholic.jpg,Flo's Grill,"Food, Beverages & Tobacco > Food Items > Prepared Foods",Alcoholic Beverages
omutea-spicy-pineapple-daiquiri-cocktail-500ml-alcoholic,Omutea Spicy Pineapple Daiquiri Cocktail — 500ml — Alcoholic,Alcoholic Beverages · $20,in stock,new,20.00 CAD,https://ordernow.flosgrill.ca,https://raw.githubusercontent.com/lanreflo-pixel/flosgrill-ad-assets/main/menu/omutea-spicy-pineapple-daiquiri-cocktail-500ml-alcoholic.jpg,Flo's Grill,"Food, Beverages & Tobacco > Food Items > Prepared Foods",Alcoholic Beverages
orijin,Orijin,Alcoholic Beverages · $20,in stock,new,20.00 CAD,https://ordernow.flosgrill.ca,https://raw.githubusercontent.com/lanreflo-pixel/flosgrill-ad-assets/main/menu/orijin.jpg,Flo's Grill,"Food, Beverages & Tobacco > Food Items > Prepared Foods",Alcoholic Beverages
orijin-bitters,Orijin Bitters,Alcoholic Beverages · $15,in stock,new,15.00 CAD,https://ordernow.flosgrill.ca,https://raw.githubusercontent.com/lanreflo-pixel/flosgrill-ad-assets/main/menu/orijin-bitters.jpg,Flo's Grill,"Food, Beverages & Tobacco > Food Items > Prepared Foods",Alcoholic Beverages
smirnoff-ice-individual-12oz-bottle-beer-50-abv,"Smirnoff Ice, Individual 12oz bottle beer (5.0% ABV)",Alcoholic Beverages · $5,in stock,new,5.00 CAD,https://ordernow.flosgrill.ca,https://raw.githubusercontent.com/lanreflo-pixel/flosgrill-ad-assets/main/menu/smirnoff-ice-individual-12oz-bottle-beer-50-abv.jpg,Flo's Grill,"Food, Beverages & Tobacco > Food Items > Prepared Foods",Alcoholic Beverages
star-lager,Star Lager,Alcoholic Beverages · $20,in stock,new,20.00 CAD,https://ordernow.flosgrill.ca,https://raw.githubusercontent.com/lanreflo-pixel/flosgrill-ad-assets/main/menu/star-lager.jpg,Flo's Grill,"Food, Beverages & Tobacco > Food Items > Prepared Foods",Alcoholic Beverages
trophy-lager,Trophy Lager,Alcoholic Beverages · $20,in stock,new,20.00 CAD,https://ordernow.flosgrill.ca,https://raw.githubusercontent.com/lanreflo-pixel/flosgrill-ad-assets/main/menu/trophy-lager.jpg,Flo's Grill,"Food, Beverages & Tobacco > Food Items > Prepared Foods",Alcoholic Beverages
eba-efo-riro,Eba & Efo Riro,Assorted Meat $25 · Beef Only $25 · Chicken $25 · Turkey $25 · Whiting Fish $25 · Goat Meat $30,in stock,new,25.00 CAD,https://ordernow.flosgrill.ca,https://raw.githubusercontent.com/lanreflo-pixel/flosgrill-ad-assets/main/menu/eba-efo-riro.jpg,Flo's Grill,"Food, Beverages & Tobacco > Food Items > Prepared Foods",Lunchboxes
eba-egusi,Eba & Egusi,Assorted Meat $25 · Beef Only $25 · Chicken $25 · Turkey $25 · Whiting Fish $25 · Goat Meat $30,in stock,new,25.00 CAD,https://ordernow.flosgrill.ca,https://raw.githubusercontent.com/lanreflo-pixel/flosgrill-ad-assets/main/menu/eba-egusi.jpg,Flo's Grill,"Food, Beverages & Tobacco > Food Items > Prepared Foods",Lunchboxes
eba-seafood-okra,Eba & Seafood Okra,Lunchboxes · $30,in stock,new,30.00 CAD,https://ordernow.flosgrill.ca,https://raw.githubusercontent.com/lanreflo-pixel/flosgrill-ad-assets/main/menu/eba-seafood-okra.jpg,Flo's Grill,"Food, Beverages & Tobacco > Food Items > Prepared Foods",Lunchboxes
fried-rice-plantain,Fried Rice & Plantain,Assorted Meat $30 · Grilled Chicken Drum Sticks $30 · Grilled Turkey $30 · Peppered Chicken $30 · Peppered Fish $30 · Peppered Turkey $30 · Plain Fish $30 · Asun $35,in stock,new,30.00 CAD,https://ordernow.flosgrill.ca,https://raw.githubusercontent.com/lanreflo-pixel/flosgrill-ad-assets/main/menu/fried-rice-plantain.jpg,Flo's Grill,"Food, Beverages & Tobacco > Food Items > Prepared Foods",Lunchboxes
fried-jollof-combo,Fried/Jollof combo,Assorted Meat $35 · Beef Only $35 · Chicken $35 · Turkey $35 · Whiting Fish $35 · Goat Meat $40,in stock,new,35.00 CAD,https://ordernow.flosgrill.ca,https://raw.githubusercontent.com/lanreflo-pixel/flosgrill-ad-assets/main/menu/fried-jollof-combo.jpg,Flo's Grill,"Food, Beverages & Tobacco > Food Items > Prepared Foods",Lunchboxes
fufu-and-egusi,Fufu And egusi,Each $25 · goat $30,in stock,new,25.00 CAD,https://ordernow.flosgrill.ca,https://raw.githubusercontent.com/lanreflo-pixel/flosgrill-ad-assets/main/menu/fufu-and-egusi.jpg,Flo's Grill,"Food, Beverages & Tobacco > Food Items > Prepared Foods",Lunchboxes
indomie-asun-mixed-veggies,Indomie + Asun + Mixed Veggies,Lunchboxes · $30,in stock,new,30.00 CAD,https://ordernow.flosgrill.ca,https://raw.githubusercontent.com/lanreflo-pixel/flosgrill-ad-assets/main/menu/indomie-asun-mixed-veggies.jpg,Flo's Grill,"Food, Beverages & Tobacco > Food Items > Prepared Foods",Lunchboxes
jekomo,Jekomo,Lunchboxes · $10,in stock,new,10.00 CAD,https://ordernow.flosgrill.ca,https://raw.githubusercontent.com/lanreflo-pixel/flosgrill-ad-assets/main/menu/jekomo.jpg,Flo's Grill,"Food, Beverages & Tobacco > Food Items > Prepared Foods",Lunchboxes
jollof-rice-plantain,Jollof Rice & Plantain,Assorted Meat $25 · Grilled Chicken Drum Sticks $25 · Grilled Turkey $25 · Peppered Chicken $25 · Peppered Fish $25 · Peppered Turkey $25 · Plain Fish $25 · Asun $30,in stock,new,25.00 CAD,https://ordernow.flosgrill.ca,https://raw.githubusercontent.com/lanreflo-pixel/flosgrill-ad-assets/main/menu/jollof-rice-plantain.jpg,Flo's Grill,"Food, Beverages & Tobacco > Food Items > Prepared Foods",Lunchboxes
jollof-bwef-suya-dodo,"Jollof, Bwef Suya & Dodo",Chicken suya $30 · Each $30,in stock,new,30.00 CAD,https://ordernow.flosgrill.ca,https://raw.githubusercontent.com/lanreflo-pixel/flosgrill-ad-assets/main/menu/jollof-bwef-suya-dodo.jpg,Flo's Grill,"Food, Beverages & Tobacco > Food Items > Prepared Foods",Lunchboxes
ofada-rice-meal,Ofada Rice Meal,Ayamase $30 · Designer Stew $30,in stock,new,30.00 CAD,https://ordernow.flosgrill.ca,https://raw.githubusercontent.com/lanreflo-pixel/flosgrill-ad-assets/main/menu/ofada-rice-meal.jpg,Flo's Grill,"Food, Beverages & Tobacco > Food Items > Prepared Foods",Lunchboxes
pounded-yam-efo-riro,Pounded Yam & Efo Riro,Assorted Meat $25 · Beef Only $25 · Chicken $25 · Turkey $25 · Whiting Fish $25 · Goat Meat $30,in stock,new,25.00 CAD,https://ordernow.flosgrill.ca,https://raw.githubusercontent.com/lanreflo-pixel/flosgrill-ad-assets/main/menu/pounded-yam-efo-riro.jpg,Flo's Grill,"Food, Beverages & Tobacco > Food Items > Prepared Foods",Lunchboxes
pounded-yam-egusi,Pounded Yam & Egusi,Assorted Meat $25 · Beef Only $25 · Chicken $25 · Turkey $25 · Whiting Fish $25 · Goat Meat $30,in stock,new,25.00 CAD,https://ordernow.flosgrill.ca,https://raw.githubusercontent.com/lanreflo-pixel/flosgrill-ad-assets/main/menu/pounded-yam-egusi.jpg,Flo's Grill,"Food, Beverages & Tobacco > Food Items > Prepared Foods",Lunchboxes
poundo-yam-seafood-okra,Poundo Yam & Seafood Okra,Lunchboxes · $30,in stock,new,30.00 CAD,https://ordernow.flosgrill.ca,https://raw.githubusercontent.com/lanreflo-pixel/flosgrill-ad-assets/main/menu/poundo-yam-seafood-okra.jpg,Flo's Grill,"Food, Beverages & Tobacco > Food Items > Prepared Foods",Lunchboxes
steamed-white-rice,Steamed White Rice,Efo Riro $25 · Egusi $25 · Ayamase $30 · Designer Stew $30,in stock,new,25.00 CAD,https://ordernow.flosgrill.ca,https://raw.githubusercontent.com/lanreflo-pixel/flosgrill-ad-assets/main/menu/steamed-white-rice.jpg,Flo's Grill,"Food, Beverages & Tobacco > Food Items > Prepared Foods",Lunchboxes
swallow-meals,Swallow Meals,Regular $25 · Swallow Meals $25 · Swallow Meals $27.5 · Swallow Meals $30 · Swallow Meals $32.5 · Swallow Meals $35,in stock,new,25.00 CAD,https://ordernow.flosgrill.ca,https://raw.githubusercontent.com/lanreflo-pixel/flosgrill-ad-assets/main/menu/swallow-meals.jpg,Flo's Grill,"Food, Beverages & Tobacco > Food Items > Prepared Foods",Lunchboxes
alomo-bitters,Alomo Bitters,Alcoholic Beverages · $15,in stock,new,15.00 CAD,https://ordernow.flosgrill.ca,https://raw.githubusercontent.com/lanreflo-pixel/flosgrill-ad-assets/main/menu/alomo-bitters.jpg,Flo's Grill,"Food, Beverages & Tobacco > Food Items > Prepared Foods",Alcoholic Beverages
amala,Amala,Sides · $30,in stock,new,30.00 CAD,https://ordernow.flosgrill.ca,https://raw.githubusercontent.com/lanreflo-pixel/flosgrill-ad-assets/main/menu/amala.jpg,Flo's Grill,"Food, Beverages & Tobacco > Food Items > Prepared Foods",Sides
bitter-leaf-soup-swallow,Bitter leaf soup + swallow,Soups & Stews · $30,in stock,new,30.00 CAD,https://ordernow.flosgrill.ca,https://raw.githubusercontent.com/lanreflo-pixel/flosgrill-ad-assets/main/menu/bitter-leaf-soup-swallow.jpg,Flo's Grill,"Food, Beverages & Tobacco > Food Items > Prepared Foods",Soups & Stews
chicken-leg-quarter,Chicken leg quarter,The Grill · $5,in stock,new,5.00 CAD,https://ordernow.flosgrill.ca,https://raw.githubusercontent.com/lanreflo-pixel/flosgrill-ad-assets/main/menu/chicken-leg-quarter.jpg,Flo's Grill,"Food, Beverages & Tobacco > Food Items > Prepared Foods",The Grill
chicken-skewers,Chicken skewers,The Grill · $2,in stock,new,2.00 CAD,https://ordernow.flosgrill.ca,https://raw.githubusercontent.com/lanreflo-pixel/flosgrill-ad-assets/main/menu/chicken-skewers.jpg,Flo's Grill,"Food, Beverages & Tobacco > Food Items > Prepared Foods",The Grill
chivita,Chivita,Drinks · $5,in stock,new,5.00 CAD,https://ordernow.flosgrill.ca,https://raw.githubusercontent.com/lanreflo-pixel/flosgrill-ad-assets/main/menu/chivita.jpg,Flo's Grill,"Food, Beverages & Tobacco > Food Items > Prepared Foods",Drinks
coleslaw-half-tray,Coleslaw (half tray),Sides · $70,in stock,new,70.00 CAD,https://ordernow.flosgrill.ca,https://raw.githubusercontent.com/lanreflo-pixel/flosgrill-ad-assets/main/menu/coleslaw-half-tray.jpg,Flo's Grill,"Food, Beverages & Tobacco > Food Items > Prepared Foods",Sides
coleslaw-1-4,Coleslaw 1/4,Sides · $35,in stock,new,35.00 CAD,https://ordernow.flosgrill.ca,https://raw.githubusercontent.com/lanreflo-pixel/flosgrill-ad-assets/main/menu/coleslaw-1-4.jpg,Flo's Grill,"Food, Beverages & Tobacco > Food Items > Prepared Foods",Sides
croaker-yam-plantain,Croaker+Yam+plantain,The Grill · $40,in stock,new,40.00 CAD,https://ordernow.flosgrill.ca,https://raw.githubusercontent.com/lanreflo-pixel/flosgrill-ad-assets/main/menu/croaker-yam-plantain.jpg,Flo's Grill,"Food, Beverages & Tobacco > Food Items > Prepared Foods",The Grill
crunchie-snacks,Crunchie Snacks,Snacks · $5,in stock,new,5.00 CAD,https://ordernow.flosgrill.ca,https://raw.githubusercontent.com/lanreflo-pixel/flosgrill-ad-assets/main/menu/crunchie-snacks.jpg,Flo's Grill,"Food, Beverages & Tobacco > Food Items > Prepared Foods",Snacks
extra-shrimp-add-on,Extra shrimp add-on,Add-ons · $12,in stock,new,12.00 CAD,https://ordernow.flosgrill.ca,https://raw.githubusercontent.com/lanreflo-pixel/flosgrill-ad-assets/main/menu/extra-shrimp-add-on.jpg,Flo's Grill,"Food, Beverages & Tobacco > Food Items > Prepared Foods",Add-ons
ginger-ale,Ginger Ale,Drinks · $2.5,in stock,new,2.50 CAD,https://ordernow.flosgrill.ca,https://raw.githubusercontent.com/lanreflo-pixel/flosgrill-ad-assets/main/menu/ginger-ale.jpg,Flo's Grill,"Food, Beverages & Tobacco > Food Items > Prepared Foods",Drinks
golden-morn,Golden morn,Snacks · $60,in stock,new,60.00 CAD,https://ordernow.flosgrill.ca,https://raw.githubusercontent.com/lanreflo-pixel/flosgrill-ad-assets/main/menu/golden-morn.jpg,Flo's Grill,"Food, Beverages & Tobacco > Food Items > Prepared Foods",Snacks
hip-vodka,Hip Vodka,Alcoholic Beverages · $40,in stock,new,40.00 CAD,https://ordernow.flosgrill.ca,https://raw.githubusercontent.com/lanreflo-pixel/flosgrill-ad-assets/main/menu/hip-vodka.jpg,Flo's Grill,"Food, Beverages & Tobacco > Food Items > Prepared Foods",Alcoholic Beverages
love-box-100,Love Box 100,Combos · $100,in stock,new,100.00 CAD,https://ordernow.flosgrill.ca,https://raw.githubusercontent.com/lanreflo-pixel/flosgrill-ad-assets/main/menu/love-box-100.jpg,Flo's Grill,"Food, Beverages & Tobacco > Food Items > Prepared Foods",Combos
mcvities-ginger-nuts,McVities Ginger Nuts,Snacks · $5,in stock,new,5.00 CAD,https://ordernow.flosgrill.ca,https://raw.githubusercontent.com/lanreflo-pixel/flosgrill-ad-assets/main/menu/mcvities-ginger-nuts.jpg,Flo's Grill,"Food, Beverages & Tobacco > Food Items > Prepared Foods",Snacks
meatpie,Meatpie,Snacks · $5,in stock,new,5.00 CAD,https://ordernow.flosgrill.ca,https://raw.githubusercontent.com/lanreflo-pixel/flosgrill-ad-assets/main/menu/meatpie.jpg,Flo's Grill,"Food, Beverages & Tobacco > Food Items > Prepared Foods",Snacks
ogobono-swallow-goatmeat,Ogobono +swallow+goatmeat,Soups & Stews · $30,in stock,new,30.00 CAD,https://ordernow.flosgrill.ca,https://raw.githubusercontent.com/lanreflo-pixel/flosgrill-ad-assets/main/menu/ogobono-swallow-goatmeat.jpg,Flo's Grill,"Food, Beverages & Tobacco > Food Items > Prepared Foods",Soups & Stews
palm-wine,Palm Wine,Alcoholic Beverages · $5,in stock,new,5.00 CAD,https://ordernow.flosgrill.ca,https://raw.githubusercontent.com/lanreflo-pixel/flosgrill-ad-assets/main/menu/palm-wine.jpg,Flo's Grill,"Food, Beverages & Tobacco > Food Items > Prepared Foods",Alcoholic Beverages
peppered-whiting-fish,Peppered Whiting Fish,The Grill · $10,in stock,new,10.00 CAD,https://ordernow.flosgrill.ca,https://raw.githubusercontent.com/lanreflo-pixel/flosgrill-ad-assets/main/menu/peppered-whiting-fish.jpg,Flo's Grill,"Food, Beverages & Tobacco > Food Items > Prepared Foods",The Grill
popcorn,Popcorn,Snacks · $5,in stock,new,5.00 CAD,https://ordernow.flosgrill.ca,https://raw.githubusercontent.com/lanreflo-pixel/flosgrill-ad-assets/main/menu/popcorn.jpg,Flo's Grill,"Food, Beverages & Tobacco > Food Items > Prepared Foods",Snacks
poundo-yam-ogbono,Poundo Yam Ogbono,Soups & Stews · $25,in stock,new,25.00 CAD,https://ordernow.flosgrill.ca,https://raw.githubusercontent.com/lanreflo-pixel/flosgrill-ad-assets/main/menu/poundo-yam-ogbono.jpg,Flo's Grill,"Food, Beverages & Tobacco > Food Items > Prepared Foods",Soups & Stews
puff-puff-20,Puff puff 20,Snacks · $15,in stock,new,15.00 CAD,https://ordernow.flosgrill.ca,https://raw.githubusercontent.com/lanreflo-pixel/flosgrill-ad-assets/main/menu/puff-puff-20.jpg,Flo's Grill,"Food, Beverages & Tobacco > Food Items > Prepared Foods",Snacks
puff-puff-40,Puff puff 40,Snacks · $25,in stock,new,25.00 CAD,https://ordernow.flosgrill.ca,https://raw.githubusercontent.com/lanreflo-pixel/flosgrill-ad-assets/main/menu/puff-puff-40.jpg,Flo's Grill,"Food, Beverages & Tobacco > Food Items > Prepared Foods",Snacks
puff-puff-single,Puff puff single,Snacks · $0.5,in stock,new,0.50 CAD,https://ordernow.flosgrill.ca,https://raw.githubusercontent.com/lanreflo-pixel/flosgrill-ad-assets/main/menu/puff-puff-single.jpg,Flo's Grill,"Food, Beverages & Tobacco > Food Items > Prepared Foods",Snacks
sausage-rolls,Sausage rolls,Snacks · $4,in stock,new,4.00 CAD,https://ordernow.flosgrill.ca,https://raw.githubusercontent.com/lanreflo-pixel/flosgrill-ad-assets/main/menu/sausage-rolls.jpg,Flo's Grill,"Food, Beverages & Tobacco > Food Items > Prepared Foods",Snacks
shot-2oz,Shot 2oz,Alcoholic Beverages · $10,in stock,new,10.00 CAD,https://ordernow.flosgrill.ca,https://raw.githubusercontent.com/lanreflo-pixel/flosgrill-ad-assets/main/menu/shot-2oz.jpg,Flo's Grill,"Food, Beverages & Tobacco > Food Items > Prepared Foods",Alcoholic Beverages
springroll,Springroll,Snacks · $0.5,in stock,new,0.50 CAD,https://ordernow.flosgrill.ca,https://raw.githubusercontent.com/lanreflo-pixel/flosgrill-ad-assets/main/menu/springroll.jpg,Flo's Grill,"Food, Beverages & Tobacco > Food Items > Prepared Foods",Snacks
suya-special-15,Suya special 15,The Grill · $15,in stock,new,15.00 CAD,https://ordernow.flosgrill.ca,https://raw.githubusercontent.com/lanreflo-pixel/flosgrill-ad-assets/main/menu/suya-special-15.jpg,Flo's Grill,"Food, Beverages & Tobacco > Food Items > Prepared Foods",The Grill
tequila-cocktail,Tequila Cocktail,Alcoholic Beverages · $15,in stock,new,15.00 CAD,https://ordernow.flosgrill.ca,https://raw.githubusercontent.com/lanreflo-pixel/flosgrill-ad-assets/main/menu/tequila-cocktail.jpg,Flo's Grill,"Food, Beverages & Tobacco > Food Items > Prepared Foods",Alcoholic Beverages
tim-tem-peanut,Tim Tem peanut,Snacks · $15,in stock,new,15.00 CAD,https://ordernow.flosgrill.ca,https://raw.githubusercontent.com/lanreflo-pixel/flosgrill-ad-assets/main/menu/tim-tem-peanut.jpg,Flo's Grill,"Food, Beverages & Tobacco > Food Items > Prepared Foods",Snacks
value-meal,Value Meal,Lunchboxes · $15,in stock,new,15.00 CAD,https://ordernow.flosgrill.ca,https://raw.githubusercontent.com/lanreflo-pixel/flosgrill-ad-assets/main/menu/value-meal.jpg,Flo's Grill,"Food, Beverages & Tobacco > Food Items > Prepared Foods",Lunchboxes
veggie-samosa,Veggie Samosa,Snacks · $0.5,in stock,new,0.50 CAD,https://ordernow.flosgrill.ca,https://raw.githubusercontent.com/lanreflo-pixel/flosgrill-ad-assets/main/menu/veggie-samosa.jpg,Flo's Grill,"Food, Beverages & Tobacco > Food Items > Prepared Foods",Snacks
white-rice-and-stew-meal,White rice and stew meal,Assorted Meat $25 · Beef Only $25 · Chicken $25 · Turkey $25 · Whiting Fish $25 · Goat Meat $30,in stock,new,25.00 CAD,https://ordernow.flosgrill.ca,https://raw.githubusercontent.com/lanreflo-pixel/flosgrill-ad-assets/main/menu/white-rice-and-stew-meal.jpg,Flo's Grill,"Food, Beverages & Tobacco > Food Items > Prepared Foods",Lunchboxes
